{
  "total_spillover_index": 12.35916491969815,
  "var_lags": 5,
  "forecast_horizon": 10,
  "directional_to": {
    "USDT": 6.196341099200211,
    "USDC": 50.22103719029556,
    "DAI": 4.107852959917189,
    "FRAX": 0.8671555346079174,
    "UST": 0.4034378144698678
  },
  "directional_from": {
    "USDT": 7.431817304617397,
    "USDC": 3.9015676718058785,
    "DAI": 42.01874344543061,
    "FRAX": 7.04546540708877,
    "UST": 1.3982307695481069
  },
  "net_spillover": {
    "USDT": -1.2354762054171857,
    "USDC": 46.31946951848968,
    "DAI": -37.91089048551342,
    "FRAX": -6.1783098724808525,
    "UST": -0.9947929550782391
  }
}