{
  "optimal_states": 4,
  "results": {
    "2": {
      "log_likelihood": 36896.977392617395,
      "aic": -73731.95478523479,
      "bic": -73508.36301557302
    },
    "3": {
      "log_likelihood": 58166.66142162614,
      "aic": -116233.32284325227,
      "bic": -115872.69095670103
    },
    "4": {
      "log_likelihood": 65085.593539747075,
      "aic": -130029.18707949415,
      "bic": -129517.08980059138
    }
  }
}