{
  "optimal_states": 4,
  "results": {
    "2": {
      "log_likelihood": 19091.00392855121,
      "aic": -38120.00785710242,
      "bic": -37889.90146277642
    },
    "3": {
      "log_likelihood": 34102.79114910297,
      "aic": -68105.58229820595,
      "bic": -67734.44295251885
    },
    "4": {
      "log_likelihood": 43072.62499865224,
      "aic": -86003.24999730448,
      "bic": -85476.23212642879
    }
  }
}