{
  "local_level": {
    "log_likelihood": 30720.387532745808,
    "observation_noise": 6.916318818701372e-05,
    "transition_noise": 0.00014254314330529192
  },
  "volatility_kf": {
    "log_likelihood": 27563.226111693162,
    "transition_coeff": 0.95,
    "observation_noise": 0.00025059147542244944
  },
  "stochastic_volatility": {
    "log_likelihood": -26303.497206899858,
    "phi": 0.9458660584994435
  }
}